profile,run,task_id,recall,precision,interface_coverage,reproducibility,elapsed_seconds,cost,cache_hit_rate,judgments,disputes,satisfies_hit_rate,provisional,review_pending,replay_passed,replay_total
default,run-001,fed819c9-c3d0-45bc-858e-8df4884874d7,0.9166666666666666,0.75,1.0,1.0,233.3892462819931,0.17000893200000006,0.9064039258216353,3,0,1.0,False,[],,
default,run-002,ba2f6e5f-bf9d-45eb-b748-a2bc5890185c,1.0,0.75,1.0,0.25,269.7854043970001,0.162123996,0.9084141768624903,4,0,1.0,False,[],,
default,run-003,07faf785-ea7a-4d45-914d-c8fa63f61e3a,0.9166666666666666,0.8571428571428571,1.0,0.0,219.31729680400167,0.0918081,0.9059217828859487,2,0,1.0,False,[],,
default,run-004,54e9aaaa-6cf4-4673-a68c-83c93ebe445f,0.9166666666666666,0.7,1.0,1.0,388.62698462999833,0.22924702800000007,0.937754961347213,3,0,1.0,False,[],,
default,run-005,ebd65ca7-d6a5-432a-b2a1-1ad33627e758,0.9166666666666666,0.7,1.0,0.0,328.40093236000394,0.2827699560000001,0.9057952209939937,6,0,1.0,False,[],,
single,run-001,43ea8bc5-4e6e-43a2-a383-bfba1917d8d5,1.0,0.6666666666666666,1.0,1.0,166.89581391699903,0.075327048,0.9045386035915359,2,0,1.0,False,[],,
single,run-002,35fe91ed-8909-4927-aa10-8af949b05920,1.0,0.6666666666666666,0.8571428571428571,1.0,195.0027547980062,0.079316484,0.9316339366069504,2,0,1.0,False,[],,
single,run-003,70c9abdd-9d87-400d-b545-3c8fc682f0cf,1.0,0.8571428571428571,1.0,1.0,227.40894638500322,0.09207097200000003,0.9481688762201086,2,0,1.0,False,[],,
single,run-004,3b655bf0-eea2-487a-ab3d-b72d19ff89ac,1.0,0.75,1.0,0.75,245.3783737449994,0.12589413600000002,0.9124547441353098,3,0,1.0,False,[],,
single,run-005,59ebdd75-0b04-4a94-9d2e-80cb69449956,1.0,0.875,1.0,0.5,140.77711283700046,0.071633292,0.9279989619070749,3,0,1.0,False,[],,
